,model,train_accuracy,test_accuracy,train_accuracy_CV,test_accuracy_CV
0,LightGBM,1.0,0.9970566593083149,1.0,0.9970566593083149
1,AdaBoost,0.9913523459061637,0.9909246995339711,0.9977920883164674,0.9960755457444199
2,Random Forest,1.0,0.9923963698798136,0.9830726770929162,1.0
3,Bagging,0.9728304201165286,0.9727740986019132,0.9733210671573137,0.9737552121658082
4,SVC,0.9878564857405704,0.9865096884964435,0.988163140141061,0.9975472160902624
