,model,train_accuracy,test_accuracy,train_accuracy_CV,test_accuracy_CV
0,LightGBM,1.0,0.9919811320754717,1.0,0.9943396226415094
1,AdaBoost,0.992686954470394,0.9910377358490566,0.9988204765274828,0.994811320754717
2,Random Forest,1.0,0.9882075471698113,0.975583864118896,1.0
3,Bagging,0.9736966265628686,0.9759433962264151,0.9734607218683652,0.9773584905660377
4,SVC,0.9817173861759849,0.9820754716981132,0.9779429110639302,0.995754716981132
