,model,train_accuracy,test_accuracy,train_accuracy_CV,test_accuracy_CV
0,LightGBM,1.0,0.9985849056603774,1.0,0.9971698113207547
1,AdaBoost,0.9977589054022175,0.9966981132075472,1.0,0.9976415094339622
2,Random Forest,1.0,0.9933962264150943,0.9877329558858221,1.0
3,Bagging,0.9791224345364473,0.975,0.9801840056617127,0.9778301886792453
4,Extra Trees,1.0,0.9910377358490566,0.9851380042462845,0.9910377358490566
5,SVC,0.9854918612880397,0.9886792452830189,0.9838405284265157,0.994811320754717
